period,borough,n_zones,n_rows,mean_actual,mae_baseline,mae_xgboost,wape_baseline,wape_xgboost
validation,Bronx,43,30960,95.342,12.9353,9.0673,0.1357,0.0951
validation,Brooklyn,61,43920,133.845,20.3898,12.8148,0.1523,0.0957
validation,EWR,1,720,1.326,1.2569,1.0084,0.9476,0.7602
validation,Manhattan,69,49680,222.38,29.4961,18.687,0.1326,0.084
validation,Queens,69,49680,100.196,15.5916,10.8996,0.1556,0.1088
validation,Staten Island,20,14400,24.164,5.1356,3.9008,0.2125,0.1614
test_2026-05,Bronx,43,31992,94.641,13.8812,9.2398,0.1467,0.0976
test_2026-05,Brooklyn,61,45384,138.781,21.5928,13.2113,0.1556,0.0952
test_2026-05,EWR,1,744,1.286,1.1801,1.0448,0.9175,0.8122
test_2026-05,Manhattan,69,51336,224.81,37.0202,19.5827,0.1647,0.0871
test_2026-05,Queens,69,51336,104.56,17.3035,11.3519,0.1655,0.1086
test_2026-05,Staten Island,20,14880,24.811,5.3612,4.0449,0.2161,0.163
test_2026-06,Bronx,43,30960,91.481,15.07,9.3941,0.1647,0.1027
test_2026-06,Brooklyn,61,43920,134.141,22.6139,13.7453,0.1686,0.1025
test_2026-06,EWR,1,720,1.474,1.2861,1.1146,0.8728,0.7564
test_2026-06,Manhattan,69,49680,213.061,35.2991,19.9824,0.1657,0.0938
test_2026-06,Queens,69,49680,103.73,19.3288,12.4129,0.1863,0.1197
test_2026-06,Staten Island,20,14400,24.66,5.7617,4.1517,0.2336,0.1684
test_2026-07,Bronx,43,31992,90.313,13.6021,9.2363,0.1506,0.1023
test_2026-07,Brooklyn,61,45384,128.453,21.5778,13.2607,0.168,0.1032
test_2026-07,EWR,1,744,1.487,1.3602,1.1157,0.915,0.7505
test_2026-07,Manhattan,69,51336,206.277,37.2061,19.7029,0.1804,0.0955
test_2026-07,Queens,69,51336,100.939,19.0236,12.0595,0.1885,0.1195
test_2026-07,Staten Island,20,14880,27.9,5.917,4.3594,0.2121,0.1563
